item_id,detail_url,crawl_time
3337468,https://item.jd.com/3337468.html,2026-05-21 10:11:33
100024252308,https://item.jd.com/100024252308.html,2026-05-21 10:11:56
3995878,https://item.jd.com/3995878.html,2026-05-21 10:12:18
3987510,https://item.jd.com/3987510.html,2026-05-21 10:22:24
100047857311,https://item.jd.com/100047857311.html,2026-05-21 15:02:46
508411,https://item.jd.com/508411.html,2026-05-21 15:03:13
10120802107169,https://item.jd.com/10120802107169.html,2026-05-21 15:03:40
10117371638129,https://item.jd.com/10117371638129.html,2026-05-21 15:04:07
100135516509,https://item.jd.com/100135516509.html,2026-05-21 15:50:09
100007856975,https://item.jd.com/100007856975.html,2026-05-21 15:50:21
100121093858,https://item.jd.com/100121093858.html,2026-05-21 15:50:35
100118702868,https://item.jd.com/100118702868.html,2026-05-21 15:50:48
100019344635,https://item.jd.com/100019344635.html,2026-05-21 15:51:00
100009820314,https://item.jd.com/100009820314.html,2026-05-21 15:51:14
3924063,https://item.jd.com/3924063.html,2026-05-21 15:51:27
100195835977,https://item.jd.com/100195835977.html,2026-05-21 15:51:38
100309009650,https://item.jd.com/100309009650.html,2026-05-21 15:52:01
100008511039,https://item.jd.com/100008511039.html,2026-05-21 15:52:14
100074604621,https://item.jd.com/100074604621.html,2026-05-21 15:52:31
100229635213,https://item.jd.com/100229635213.html,2026-05-21 15:53:11
100103883068,https://item.jd.com/100103883068.html,2026-05-21 15:57:17
100115305920,https://item.jd.com/100115305920.html,2026-05-21 15:57:27
100228152849,https://item.jd.com/100228152849.html,2026-05-21 15:57:38
100001986010,https://item.jd.com/100001986010.html,2026-05-21 15:57:55
100081169723,https://item.jd.com/100081169723.html,2026-05-21 15:58:11
100004485766,https://item.jd.com/100004485766.html,2026-05-21 15:58:38
100228325215,https://item.jd.com/100228325215.html,2026-05-21 15:58:53
100015383913,https://item.jd.com/100015383913.html,2026-05-21 15:59:03
100064560779,https://item.jd.com/100064560779.html,2026-05-21 15:59:18
100008837658,https://item.jd.com/100008837658.html,2026-05-21 15:59:32
100076753591,https://item.jd.com/100076753591.html,2026-05-21 15:59:46
100228222769,https://item.jd.com/100228222769.html,2026-05-21 16:00:00
100007126378,https://item.jd.com/100007126378.html,2026-05-21 16:00:12
100231150443,https://item.jd.com/100231150443.html,2026-05-21 16:00:24
100076272313,https://item.jd.com/100076272313.html,2026-05-21 16:00:36
100114082162,https://item.jd.com/100114082162.html,2026-05-21 16:00:48
100039187809,https://item.jd.com/100039187809.html,2026-05-21 16:00:59
100041255140,https://item.jd.com/100041255140.html,2026-05-21 16:01:13
100039607622,https://item.jd.com/100039607622.html,2026-05-21 16:01:26
100012592489,https://item.jd.com/100012592489.html,2026-05-21 16:01:35
100264142321,https://item.jd.com/100264142321.html,2026-05-21 16:02:04
100352427574,https://item.jd.com/100352427574.html,2026-05-21 16:02:29
100264058177,https://item.jd.com/100264058177.html,2026-05-21 16:02:58
100002478576,https://item.jd.com/100002478576.html,2026-05-21 16:03:17
100003395735,https://item.jd.com/100003395735.html,2026-05-21 16:03:30
100308217746,https://item.jd.com/100308217746.html,2026-05-21 16:03:43
100028970508,https://item.jd.com/100028970508.html,2026-05-21 16:03:56
100107216543,https://item.jd.com/100107216543.html,2026-05-21 16:04:09
100035661456,https://item.jd.com/100035661456.html,2026-05-21 16:04:24
100257991651,https://item.jd.com/100257991651.html,2026-05-21 16:04:49
100071402677,https://item.jd.com/100071402677.html,2026-05-21 16:05:40
100069975553,https://item.jd.com/100069975553.html,2026-05-21 16:05:55
100314445294,https://item.jd.com/100314445294.html,2026-05-21 16:06:08
100171967395,https://item.jd.com/100171967395.html,2026-05-21 16:06:22
100141475684,https://item.jd.com/100141475684.html,2026-05-21 16:06:40
100144927564,https://item.jd.com/100144927564.html,2026-05-21 16:06:54
100218002294,https://item.jd.com/100218002294.html,2026-05-21 16:07:08
10092494354378,https://item.jd.com/10092494354378.html,2026-05-21 16:07:22
8477725,https://item.jd.com/8477725.html,2026-05-21 16:07:35
100064590960,https://item.jd.com/100064590960.html,2026-05-21 16:07:48
100047721565,https://item.jd.com/100047721565.html,2026-05-21 16:08:22
100070414950,https://item.jd.com/100070414950.html,2026-05-21 16:08:39
100110393619,https://item.jd.com/100110393619.html,2026-05-21 16:08:57
100018023544,https://item.jd.com/100018023544.html,2026-05-21 16:09:11
100256729280,https://item.jd.com/100256729280.html,2026-05-21 16:09:46
100185244087,https://item.jd.com/100185244087.html,2026-05-21 16:09:59
100313236564,https://item.jd.com/100313236564.html,2026-05-21 16:10:11
100315875088,https://item.jd.com/100315875088.html,2026-05-21 16:10:24
100305941026,https://item.jd.com/100305941026.html,2026-05-21 16:10:37
100010057111,https://item.jd.com/100010057111.html,2026-05-21 16:10:48
100276331110,https://item.jd.com/100276331110.html,2026-05-21 16:11:00
100015884201,https://item.jd.com/100015884201.html,2026-05-21 16:11:12
100314865644,https://item.jd.com/100314865644.html,2026-05-21 16:11:56
100176810824,https://item.jd.com/100176810824.html,2026-05-21 16:12:09
100191664224,https://item.jd.com/100191664224.html,2026-05-21 16:12:24
100016395315,https://item.jd.com/100016395315.html,2026-05-21 16:12:34
100060188031,https://item.jd.com/100060188031.html,2026-05-21 16:12:46
100038459982,https://item.jd.com/100038459982.html,2026-05-21 16:13:01
100302781502,https://item.jd.com/100302781502.html,2026-05-21 16:13:10
100304977576,https://item.jd.com/100304977576.html,2026-05-21 16:13:23
100205738773,https://item.jd.com/100205738773.html,2026-05-21 16:13:34
100052811960,https://item.jd.com/100052811960.html,2026-05-21 16:13:45
100333530438,https://item.jd.com/100333530438.html,2026-05-21 16:14:13
100047766379,https://item.jd.com/100047766379.html,2026-05-21 16:14:24
100234439889,https://item.jd.com/100234439889.html,2026-05-21 16:14:38
100289069626,https://item.jd.com/100289069626.html,2026-05-21 16:14:52
100304977592,https://item.jd.com/100304977592.html,2026-05-21 16:15:03
10127434622804,https://item.jd.com/10127434622804.html,2026-05-21 16:15:18
45151490902,https://item.jd.com/45151490902.html,2026-05-21 16:15:31
10221677994085,https://item.jd.com/10221677994085.html,2026-05-21 16:16:03
10048455688389,https://item.jd.com/10048455688389.html,2026-05-21 16:16:17
100013736875,https://item.jd.com/100013736875.html,2026-05-21 16:16:31
100248675040,https://item.jd.com/100248675040.html,2026-05-21 16:16:44
100135385570,https://item.jd.com/100135385570.html,2026-05-21 16:16:54
100071458877,https://item.jd.com/100071458877.html,2026-05-21 16:17:08
100122837813,https://item.jd.com/100122837813.html,2026-05-21 16:17:20
100308610132,https://item.jd.com/100308610132.html,2026-05-21 16:17:31
100004158107,https://item.jd.com/100004158107.html,2026-05-21 16:17:42
100155844852,https://item.jd.com/100155844852.html,2026-05-21 16:17:54
100029820557,https://item.jd.com/100029820557.html,2026-05-21 16:18:08
10055830678283,https://item.jd.com/10055830678283.html,2026-05-21 16:18:18
100002643783,https://item.jd.com/100002643783.html,2026-05-21 16:18:30
100047588341,https://item.jd.com/100047588341.html,2026-05-21 16:18:41
100126768668,https://item.jd.com/100126768668.html,2026-05-21 16:18:52
100153150813,https://item.jd.com/100153150813.html,2026-05-21 16:19:06
100065862631,https://item.jd.com/100065862631.html,2026-05-21 16:19:19
100275641330,https://item.jd.com/100275641330.html,2026-05-21 16:19:38
100126768670,https://item.jd.com/100126768670.html,2026-05-21 16:19:52
100000331609,https://item.jd.com/100000331609.html,2026-05-21 16:20:05
100059450053,https://item.jd.com/100059450053.html,2026-05-21 16:20:18
100011993484,https://item.jd.com/100011993484.html,2026-05-21 16:20:33
100014765690,https://item.jd.com/100014765690.html,2026-05-21 16:20:46
10127047697301,https://item.jd.com/10127047697301.html,2026-05-21 16:21:01
10104251302767,https://item.jd.com/10104251302767.html,2026-05-21 16:21:14
10104251302766,https://item.jd.com/10104251302766.html,2026-05-21 16:21:28
100313581604,https://item.jd.com/100313581604.html,2026-05-21 16:21:38
100028019840,https://item.jd.com/100028019840.html,2026-05-21 16:21:48
100023850428,https://item.jd.com/100023850428.html,2026-05-21 16:22:00
100236936097,https://item.jd.com/100236936097.html,2026-05-21 16:22:11
100316173630,https://item.jd.com/100316173630.html,2026-05-21 16:22:23
10071774442984,https://item.jd.com/10071774442984.html,2026-05-21 16:22:33
100087614246,https://item.jd.com/100087614246.html,2026-05-21 16:22:45
100017186247,https://item.jd.com/100017186247.html,2026-05-21 16:23:55
100293633310,https://item.jd.com/100293633310.html,2026-05-21 16:24:12
100308348116,https://item.jd.com/100308348116.html,2026-05-21 16:24:24
100237054498,https://item.jd.com/100237054498.html,2026-05-21 16:24:35
100236936187,https://item.jd.com/100236936187.html,2026-05-21 16:24:49
100236936183,https://item.jd.com/100236936183.html,2026-05-21 16:25:04
100015805817,https://item.jd.com/100015805817.html,2026-05-21 16:25:17
100045520119,https://item.jd.com/100045520119.html,2026-05-21 16:25:32
100212685546,https://item.jd.com/100212685546.html,2026-05-21 16:25:46
1506384,https://item.jd.com/1506384.html,2026-05-21 16:25:59
100315313890,https://item.jd.com/100315313890.html,2026-05-21 16:26:10
100142067308,https://item.jd.com/100142067308.html,2026-05-21 16:26:21
100273145056,https://item.jd.com/100273145056.html,2026-05-21 16:26:35
100110281295,https://item.jd.com/100110281295.html,2026-05-21 16:26:47
100312569582,https://item.jd.com/100312569582.html,2026-05-21 16:26:58
100025456291,https://item.jd.com/100025456291.html,2026-05-21 16:27:12
100078040233,https://item.jd.com/100078040233.html,2026-05-21 16:27:26
100064297600,https://item.jd.com/100064297600.html,2026-05-21 16:27:39
100064638100,https://item.jd.com/100064638100.html,2026-05-21 16:27:50
100137926736,https://item.jd.com/100137926736.html,2026-05-21 16:28:02
100228138225,https://item.jd.com/100228138225.html,2026-05-21 16:28:16
100118504969,https://item.jd.com/100118504969.html,2026-05-21 16:28:30
100012861820,https://item.jd.com/100012861820.html,2026-05-21 16:28:44
100212685508,https://item.jd.com/100212685508.html,2026-05-21 16:28:57
100125480503,https://item.jd.com/100125480503.html,2026-05-21 16:29:12
100303147336,https://item.jd.com/100303147336.html,2026-05-21 16:29:26
100303147350,https://item.jd.com/100303147350.html,2026-05-21 16:29:40
100227167549,https://item.jd.com/100227167549.html,2026-05-21 16:29:54
100293003432,https://item.jd.com/100293003432.html,2026-05-21 16:30:04
100234229223,https://item.jd.com/100234229223.html,2026-05-21 16:30:17
100165565375,https://item.jd.com/100165565375.html,2026-05-21 16:30:29
100165565377,https://item.jd.com/100165565377.html,2026-05-21 16:30:44
100168823162,https://item.jd.com/100168823162.html,2026-05-21 16:30:54
100228768471,https://item.jd.com/100228768471.html,2026-05-21 16:31:05
100212685536,https://item.jd.com/100212685536.html,2026-05-21 16:31:15
100212685538,https://item.jd.com/100212685538.html,2026-05-21 16:31:28
100165565357,https://item.jd.com/100165565357.html,2026-05-21 16:31:41
100118504993,https://item.jd.com/100118504993.html,2026-05-21 16:31:52
100218908943,https://item.jd.com/100218908943.html,2026-05-21 16:32:03
100311879598,https://item.jd.com/100311879598.html,2026-05-21 16:32:14
100318629410,https://item.jd.com/100318629410.html,2026-05-21 16:32:27
100242034885,https://item.jd.com/100242034885.html,2026-05-21 16:32:37
100315313856,https://item.jd.com/100315313856.html,2026-05-21 16:32:51
100157641902,https://item.jd.com/100157641902.html,2026-05-21 16:33:05
100212685548,https://item.jd.com/100212685548.html,2026-05-21 16:33:16
100329284468,https://item.jd.com/100329284468.html,2026-05-21 16:33:30
100318629412,https://item.jd.com/100318629412.html,2026-05-21 16:33:41
100239768359,https://item.jd.com/100239768359.html,2026-05-21 16:33:51
10200558307133,https://item.jd.com/10200558307133.html,2026-05-21 16:34:20
10200558307131,https://item.jd.com/10200558307131.html,2026-05-21 16:34:45
100185244081,https://item.jd.com/100185244081.html,2026-05-24 22:46:04
100250827311,https://item.jd.com/100250827311.html,2026-05-24 22:47:24
10192225179520,https://item.jd.com/10192225179520.html,2026-05-24 22:48:18
100015251689,https://item.jd.com/100015251689.html,2026-05-24 22:49:20
100233361513,https://item.jd.com/100233361513.html,2026-05-24 22:50:31
100018649453,https://item.jd.com/100018649453.html,2026-05-24 22:51:19
100109236990,https://item.jd.com/100109236990.html,2026-05-24 22:52:18
100312101150,https://item.jd.com/100312101150.html,2026-05-24 22:53:28
100006214817,https://item.jd.com/100006214817.html,2026-05-24 22:54:23
100216955000,https://item.jd.com/100216955000.html,2026-05-24 22:58:06
100020248015,https://item.jd.com/100020248015.html,2026-05-24 22:58:46
100006624393,https://item.jd.com/100006624393.html,2026-05-24 22:59:36
100096831983,https://item.jd.com/100096831983.html,2026-05-24 23:00:43
100129326975,https://item.jd.com/100129326975.html,2026-05-24 23:01:24
100103899783,https://item.jd.com/100103899783.html,2026-05-24 23:02:28
100229458125,https://item.jd.com/100229458125.html,2026-05-24 23:03:22
100310078164,https://item.jd.com/100310078164.html,2026-05-24 23:04:15
100129095177,https://item.jd.com/100129095177.html,2026-05-24 23:05:08
100029073035,https://item.jd.com/100029073035.html,2026-05-24 23:05:55
100127092963,https://item.jd.com/100127092963.html,2026-05-24 23:17:46
10206129415021,https://item.jd.com/10206129415021.html,2026-05-24 23:18:59
100110921471,https://item.jd.com/100110921471.html,2026-05-24 23:20:01
100052811976,https://item.jd.com/100052811976.html,2026-05-24 23:21:06
10094313823980,https://item.jd.com/10094313823980.html,2026-05-24 23:22:11
10038893677173,https://item.jd.com/10038893677173.html,2026-05-24 23:22:57
10221560747324,https://item.jd.com/10221560747324.html,2026-05-24 23:24:13
10221560747323,https://item.jd.com/10221560747323.html,2026-05-24 23:25:01
100228499609,https://item.jd.com/100228499609.html,2026-05-24 23:26:01
100033019530,https://item.jd.com/100033019530.html,2026-05-24 23:27:05
100018587841,https://item.jd.com/100018587841.html,2026-05-24 23:38:12
100308348168,https://item.jd.com/100308348168.html,2026-05-24 23:39:22
100219298059,https://item.jd.com/100219298059.html,2026-05-24 23:40:07
100213224653,https://item.jd.com/100213224653.html,2026-05-24 23:40:56
100284124108,https://item.jd.com/100284124108.html,2026-05-24 23:41:49
100235646311,https://item.jd.com/100235646311.html,2026-05-24 23:42:54
100284124110,https://item.jd.com/100284124110.html,2026-05-24 23:43:58
10217619219358,https://item.jd.com/10217619219358.html,2026-05-24 23:45:01
10217619219360,https://item.jd.com/10217619219360.html,2026-05-24 23:46:20
10216242614841,https://item.jd.com/10216242614841.html,2026-05-24 23:47:24
10217519640137,https://item.jd.com/10217519640137.html,2026-05-25 00:00:05
10217621078631,https://item.jd.com/10217621078631.html,2026-05-25 00:01:13
10217606237469,https://item.jd.com/10217606237469.html,2026-05-25 00:02:33
10217606744055,https://item.jd.com/10217606744055.html,2026-05-25 00:03:52
10217606744056,https://item.jd.com/10217606744056.html,2026-05-25 00:05:12
10217606744057,https://item.jd.com/10217606744057.html,2026-05-25 00:06:35
10217606744059,https://item.jd.com/10217606744059.html,2026-05-25 00:07:32
10217606237468,https://item.jd.com/10217606237468.html,2026-05-25 00:10:00
10217621078632,https://item.jd.com/10217621078632.html,2026-05-25 00:11:01
10217606744058,https://item.jd.com/10217606744058.html,2026-05-25 11:25:26
10217606744060,https://item.jd.com/10217606744060.html,2026-05-25 11:25:31
10217625551316,https://item.jd.com/10217625551316.html,2026-05-25 11:25:37
10217633485180,https://item.jd.com/10217633485180.html,2026-05-25 11:25:45
10217609640332,https://item.jd.com/10217609640332.html,2026-05-25 11:26:11
10217632263286,https://item.jd.com/10217632263286.html,2026-05-25 11:26:16
10217632263284,https://item.jd.com/10217632263284.html,2026-05-25 11:26:23
10217632263287,https://item.jd.com/10217632263287.html,2026-05-25 11:26:56
10217632263285,https://item.jd.com/10217632263285.html,2026-05-25 11:27:22
10217606311639,https://item.jd.com/10217606311639.html,2026-05-25 11:27:29
10217605642455,https://item.jd.com/10217605642455.html,2026-05-25 11:39:28
10217605642456,https://item.jd.com/10217605642456.html,2026-05-25 11:39:53
10217610607693,https://item.jd.com/10217610607693.html,2026-05-25 11:40:17
10217632149868,https://item.jd.com/10217632149868.html,2026-05-25 11:40:23
10217628994654,https://item.jd.com/10217628994654.html,2026-05-25 11:40:29
10217605832310,https://item.jd.com/10217605832310.html,2026-05-25 11:40:54
10215657113445,https://item.jd.com/10215657113445.html,2026-05-25 11:41:19
10217605832309,https://item.jd.com/10217605832309.html,2026-05-25 11:41:44
10217610097879,https://item.jd.com/10217610097879.html,2026-05-25 11:42:10
10217627613426,https://item.jd.com/10217627613426.html,2026-05-25 11:42:34
10217609941186,https://item.jd.com/10217609941186.html,2026-05-25 11:56:18
10217749260515,https://item.jd.com/10217749260515.html,2026-05-25 11:56:44
10217749260525,https://item.jd.com/10217749260525.html,2026-05-25 11:56:48
10217749260527,https://item.jd.com/10217749260527.html,2026-05-25 11:57:13
10217749260524,https://item.jd.com/10217749260524.html,2026-05-25 11:57:40
10217749260526,https://item.jd.com/10217749260526.html,2026-05-25 11:58:04
10217749260512,https://item.jd.com/10217749260512.html,2026-05-25 11:58:29
10217749260513,https://item.jd.com/10217749260513.html,2026-05-25 11:58:53
10217606569812,https://item.jd.com/10217606569812.html,2026-05-25 11:59:18
10217633649565,https://item.jd.com/10217633649565.html,2026-05-25 11:59:43
10217747978225,https://item.jd.com/10217747978225.html,2026-05-25 12:12:41
10217747978227,https://item.jd.com/10217747978227.html,2026-05-25 12:12:47
10217749260521,https://item.jd.com/10217749260521.html,2026-05-25 12:13:11
10217749260523,https://item.jd.com/10217749260523.html,2026-05-25 13:11:54
10217749260522,https://item.jd.com/10217749260522.html,2026-05-25 13:12:20
10217749260520,https://item.jd.com/10217749260520.html,2026-05-25 13:12:45
10217749260517,https://item.jd.com/10217749260517.html,2026-05-25 13:12:50
10217749260519,https://item.jd.com/10217749260519.html,2026-05-25 13:13:17
10217749260516,https://item.jd.com/10217749260516.html,2026-05-25 13:13:41
10217749260518,https://item.jd.com/10217749260518.html,2026-05-25 13:14:06
100330601772,https://item.jd.com/100330601772.html,2026-05-25 14:07:48
100137956696,https://item.jd.com/100137956696.html,2026-05-25 15:24:10
100250284555,https://item.jd.com/100250284555.html,2026-05-25 15:24:58
100062831355,https://item.jd.com/100062831355.html,2026-05-25 15:26:01
100311263636,https://item.jd.com/100311263636.html,2026-05-25 15:26:58
10127868109314,https://item.jd.com/10127868109314.html,2026-05-25 15:28:02
10149485045678,https://item.jd.com/10149485045678.html,2026-05-25 15:29:10
100102159744,https://item.jd.com/100102159744.html,2026-05-25 15:30:10
100233250935,https://item.jd.com/100233250935.html,2026-05-25 15:31:21
100048746327,https://item.jd.com/100048746327.html,2026-05-25 15:32:13
100016888147,https://item.jd.com/100016888147.html,2026-05-25 15:33:03
100135411022,https://item.jd.com/100135411022.html,2026-05-25 15:47:27
100252963865,https://item.jd.com/100252963865.html,2026-05-25 15:48:06
100262199416,https://item.jd.com/100262199416.html,2026-05-25 15:48:15
40093945087,https://item.jd.com/40093945087.html,2026-05-25 15:49:10
100218579278,https://item.jd.com/100218579278.html,2026-05-25 15:50:09
100089238116,https://item.jd.com/100089238116.html,2026-05-25 15:51:01
100167894274,https://item.jd.com/100167894274.html,2026-05-25 15:52:01
100155281092,https://item.jd.com/100155281092.html,2026-05-25 15:52:56
100215955978,https://item.jd.com/100215955978.html,2026-05-25 15:53:49
10135576660899,https://item.jd.com/10135576660899.html,2026-05-25 15:54:35
100135922155,https://item.jd.com/100135922155.html,2026-05-25 16:06:16
100181822075,https://item.jd.com/100181822075.html,2026-05-25 16:07:19
10100498971903,https://item.jd.com/10100498971903.html,2026-05-25 16:08:25
10118466565865,https://item.jd.com/10118466565865.html,2026-05-25 16:09:16
10085804995772,https://item.jd.com/10085804995772.html,2026-05-25 16:10:06
10090379103909,https://item.jd.com/10090379103909.html,2026-05-25 16:10:49
10130826327746,https://item.jd.com/10130826327746.html,2026-05-25 16:11:55
10106890483930,https://item.jd.com/10106890483930.html,2026-05-25 16:12:58
10121426343181,https://item.jd.com/10121426343181.html,2026-05-25 16:13:56
100088736320,https://item.jd.com/100088736320.html,2026-05-25 16:14:41
10042348125436,https://item.jd.com/10042348125436.html,2026-05-25 16:26:50
100088736350,https://item.jd.com/100088736350.html,2026-05-25 16:27:32
100166689580,https://item.jd.com/100166689580.html,2026-05-25 16:28:14
10106890483929,https://item.jd.com/10106890483929.html,2026-05-25 16:29:08
10103717765783,https://item.jd.com/10103717765783.html,2026-05-25 16:30:09
100342057060,https://item.jd.com/100342057060.html,2026-05-25 16:31:09
10126265331426,https://item.jd.com/10126265331426.html,2026-05-25 16:31:22
100313861832,https://item.jd.com/100313861832.html,2026-05-25 16:32:21
100151168033,https://item.jd.com/100151168033.html,2026-05-25 16:33:26
10193322321428,https://item.jd.com/10193322321428.html,2026-05-25 16:34:18
10102952518637,https://item.jd.com/10102952518637.html,2026-05-25 16:45:41
100152881279,https://item.jd.com/100152881279.html,2026-05-25 23:35:53
100121948996,https://item.jd.com/100121948996.html,2026-05-25 23:36:37
100079563332,https://item.jd.com/100079563332.html,2026-05-25 23:37:45
10152700249975,https://item.jd.com/10152700249975.html,2026-05-25 23:38:38
10183675564591,https://item.jd.com/10183675564591.html,2026-05-25 23:39:35
10183675564592,https://item.jd.com/10183675564592.html,2026-05-25 23:40:43
10116250150397,https://item.jd.com/10116250150397.html,2026-05-25 23:41:30
100096956107,https://item.jd.com/100096956107.html,2026-05-25 23:42:25
100235198733,https://item.jd.com/100235198733.html,2026-05-25 23:43:30
100155639375,https://item.jd.com/100155639375.html,2026-05-25 23:44:38
10119234800417,https://item.jd.com/10119234800417.html,2026-05-25 23:45:22
10213798371096,https://item.jd.com/10213798371096.html,2026-05-26 00:03:29
10213753352525,https://item.jd.com/10213753352525.html,2026-05-26 00:03:36
10213751002299,https://item.jd.com/10213751002299.html,2026-05-26 00:03:42
10213751002309,https://item.jd.com/10213751002309.html,2026-05-26 00:03:50
10213751002300,https://item.jd.com/10213751002300.html,2026-05-26 00:04:00
10213751002306,https://item.jd.com/10213751002306.html,2026-05-26 00:04:08
10213753352527,https://item.jd.com/10213753352527.html,2026-05-26 00:04:14
10213408760456,https://item.jd.com/10213408760456.html,2026-05-26 00:04:19
10213455432538,https://item.jd.com/10213455432538.html,2026-05-26 00:04:30
10213455432537,https://item.jd.com/10213455432537.html,2026-05-26 00:04:40
10213445594767,https://item.jd.com/10213445594767.html,2026-05-26 00:16:42
10213445594772,https://item.jd.com/10213445594772.html,2026-05-26 00:16:47
10213750881795,https://item.jd.com/10213750881795.html,2026-05-26 00:16:53
10213445594773,https://item.jd.com/10213445594773.html,2026-05-26 00:16:58
10213752533124,https://item.jd.com/10213752533124.html,2026-05-26 00:17:02
10213752099942,https://item.jd.com/10213752099942.html,2026-05-26 00:17:09
10213752099939,https://item.jd.com/10213752099939.html,2026-05-26 00:17:14
10213824196939,https://item.jd.com/10213824196939.html,2026-05-26 00:17:20
10213749939586,https://item.jd.com/10213749939586.html,2026-05-26 00:17:26
10213749939582,https://item.jd.com/10213749939582.html,2026-05-26 00:17:32
10213749939583,https://item.jd.com/10213749939583.html,2026-05-26 00:31:44
10213752533121,https://item.jd.com/10213752533121.html,2026-05-26 00:31:50
10213751928979,https://item.jd.com/10213751928979.html,2026-05-26 00:31:55
10213732117729,https://item.jd.com/10213732117729.html,2026-05-26 00:32:00
10213799086893,https://item.jd.com/10213799086893.html,2026-05-26 00:32:06
10213886590914,https://item.jd.com/10213886590914.html,2026-05-26 00:32:11
10213752299057,https://item.jd.com/10213752299057.html,2026-05-26 00:32:17
10213423647458,https://item.jd.com/10213423647458.html,2026-05-26 00:32:24
10213423647456,https://item.jd.com/10213423647456.html,2026-05-26 00:32:30
10213424123379,https://item.jd.com/10213424123379.html,2026-05-26 00:32:36
10213424123380,https://item.jd.com/10213424123380.html,2026-05-26 00:45:25
10213752740333,https://item.jd.com/10213752740333.html,2026-05-26 00:45:30
10213752288203,https://item.jd.com/10213752288203.html,2026-05-26 00:45:36
10201798993753,https://item.jd.com/10201798993753.html,2026-05-26 00:45:42
10201798993754,https://item.jd.com/10201798993754.html,2026-05-26 00:45:48
10201798993755,https://item.jd.com/10201798993755.html,2026-05-26 00:45:54
10201798993756,https://item.jd.com/10201798993756.html,2026-05-26 00:46:00
10201798993757,https://item.jd.com/10201798993757.html,2026-05-26 00:46:06
10201798993759,https://item.jd.com/10201798993759.html,2026-05-26 00:51:37
10201798993760,https://item.jd.com/10201798993760.html,2026-05-26 10:29:01
10201798993761,https://item.jd.com/10201798993761.html,2026-05-26 10:32:17
10201798993763,https://item.jd.com/10201798993763.html,2026-05-26 10:33:35
10201798993764,https://item.jd.com/10201798993764.html,2026-05-26 10:36:09
10201798993765,https://item.jd.com/10201798993765.html,2026-05-26 10:38:15
10167282307354,https://item.jd.com/10167282307354.html,2026-05-26 10:39:57
10167282307357,https://item.jd.com/10167282307357.html,2026-05-26 10:41:14
10167282307359,https://item.jd.com/10167282307359.html,2026-05-26 10:42:32
10168836963691,https://item.jd.com/10168836963691.html,2026-05-26 10:43:53
10168836963692,https://item.jd.com/10168836963692.html,2026-05-26 10:45:22
10163956969323,https://item.jd.com/10163956969323.html,2026-05-26 10:47:02
10163956969327,https://item.jd.com/10163956969327.html,2026-05-26 11:28:30
10163956969329,https://item.jd.com/10163956969329.html,2026-05-26 11:28:41
10163956969331,https://item.jd.com/10163956969331.html,2026-05-26 11:29:59
10163956969333,https://item.jd.com/10163956969333.html,2026-05-26 11:30:27
10130689945014,https://item.jd.com/10130689945014.html,2026-05-26 11:30:36
10131417146602,https://item.jd.com/10131417146602.html,2026-05-26 11:31:33
10167282307356,https://item.jd.com/10167282307356.html,2026-05-26 11:31:41
10192292736682,https://item.jd.com/10192292736682.html,2026-05-26 11:31:51
10167282307358,https://item.jd.com/10167282307358.html,2026-05-26 11:32:40
10167282307355,https://item.jd.com/10167282307355.html,2026-05-26 11:43:18
100160848979,https://item.jd.com/100160848979.html,2026-05-26 11:43:24
100196925136,https://item.jd.com/100196925136.html,2026-05-26 11:43:34
100211387196,https://item.jd.com/100211387196.html,2026-05-26 11:44:22
100086556994,https://item.jd.com/100086556994.html,2026-05-26 11:45:03
10131347760725,https://item.jd.com/10131347760725.html,2026-05-26 11:45:41
100140243366,https://item.jd.com/100140243366.html,2026-05-26 11:46:29
100110255489,https://item.jd.com/100110255489.html,2026-05-26 11:47:21
100301698774,https://item.jd.com/100301698774.html,2026-05-26 11:48:23
100239237242,https://item.jd.com/100239237242.html,2026-05-26 11:49:30
100223422506,https://item.jd.com/100223422506.html,2026-05-26 12:03:01
100117290453,https://item.jd.com/100117290453.html,2026-05-26 12:04:09
100177591937,https://item.jd.com/100177591937.html,2026-05-26 12:05:01
100183279507,https://item.jd.com/100183279507.html,2026-05-26 12:05:51
100126505956,https://item.jd.com/100126505956.html,2026-05-26 12:06:31
10191745804744,https://item.jd.com/10191745804744.html,2026-05-26 12:07:27
10138250369699,https://item.jd.com/10138250369699.html,2026-05-26 12:08:27
10220411694716,https://item.jd.com/10220411694716.html,2026-05-26 12:08:52
10134106892227,https://item.jd.com/10134106892227.html,2026-05-26 12:09:01
100282237674,https://item.jd.com/100282237674.html,2026-05-26 12:10:07
10127257859359,https://item.jd.com/10127257859359.html,2026-05-26 12:22:32
100211967703,https://item.jd.com/100211967703.html,2026-05-26 12:23:25
100282237710,https://item.jd.com/100282237710.html,2026-05-26 12:24:10
100211967695,https://item.jd.com/100211967695.html,2026-05-26 12:24:54
100282237678,https://item.jd.com/100282237678.html,2026-05-26 12:25:47
100232069393,https://item.jd.com/100232069393.html,2026-05-26 12:26:43
10213018223816,https://item.jd.com/10213018223816.html,2026-05-26 12:27:21
10190965931715,https://item.jd.com/10190965931715.html,2026-05-26 12:27:45
10130833310014,https://item.jd.com/10130833310014.html,2026-05-26 12:27:54
10118304469505,https://item.jd.com/10118304469505.html,2026-05-26 12:28:36
100337487868,https://item.jd.com/100337487868.html,2026-05-26 12:42:48
10151677084885,https://item.jd.com/10151677084885.html,2026-05-26 12:42:57
10147989465294,https://item.jd.com/10147989465294.html,2026-05-26 23:21:33
100212866798,https://item.jd.com/100212866798.html,2026-05-26 23:22:40
10214561846985,https://item.jd.com/10214561846985.html,2026-05-26 23:24:02
10215060798665,https://item.jd.com/10215060798665.html,2026-05-26 23:25:18
10214661392535,https://item.jd.com/10214661392535.html,2026-05-26 23:26:41
10214661392531,https://item.jd.com/10214661392531.html,2026-05-26 23:27:56
10214661484639,https://item.jd.com/10214661484639.html,2026-05-26 23:29:24
10214661484640,https://item.jd.com/10214661484640.html,2026-05-26 23:30:55
10214661484642,https://item.jd.com/10214661484642.html,2026-05-26 23:32:10
10214661484643,https://item.jd.com/10214661484643.html,2026-05-26 23:45:35
10214661484641,https://item.jd.com/10214661484641.html,2026-05-26 23:47:57
10163956969325,https://item.jd.com/10163956969325.html,2026-05-27 08:20:47
10214746114580,https://item.jd.com/10214746114580.html,2026-05-27 11:44:37
10215089125529,https://item.jd.com/10215089125529.html,2026-05-27 11:44:43
10215091826227,https://item.jd.com/10215091826227.html,2026-05-27 11:44:49
10214879286875,https://item.jd.com/10214879286875.html,2026-05-27 11:44:55
10215142543578,https://item.jd.com/10215142543578.html,2026-05-27 11:45:01
10214881124614,https://item.jd.com/10214881124614.html,2026-05-27 11:45:27
10215142405423,https://item.jd.com/10215142405423.html,2026-05-27 11:45:34
10215142405415,https://item.jd.com/10215142405415.html,2026-05-27 11:45:41
10215142405413,https://item.jd.com/10215142405413.html,2026-05-27 11:45:47
10129381119522,https://item.jd.com/10129381119522.html,2026-05-27 11:45:52
100131240516,https://item.jd.com/100131240516.html,2026-05-27 11:57:00
10098157352560,https://item.jd.com/10098157352560.html,2026-05-27 11:57:49
10084051318828,https://item.jd.com/10084051318828.html,2026-05-27 11:58:39
10213854085029,https://item.jd.com/10213854085029.html,2026-05-27 14:58:09
10153717945839,https://item.jd.com/10153717945839.html,2026-05-27 14:58:27
10140709965068,https://item.jd.com/10140709965068.html,2026-05-27 14:59:25
10102257220637,https://item.jd.com/10102257220637.html,2026-05-27 15:00:40
10102257220632,https://item.jd.com/10102257220632.html,2026-05-27 15:00:46
10102257220633,https://item.jd.com/10102257220633.html,2026-05-27 15:00:51
10102257220634,https://item.jd.com/10102257220634.html,2026-05-27 15:00:57
10102257220635,https://item.jd.com/10102257220635.html,2026-05-27 15:01:03
10102257220636,https://item.jd.com/10102257220636.html,2026-05-27 15:01:10
10031053308647,https://item.jd.com/10031053308647.html,2026-05-27 15:01:25
10031053308648,https://item.jd.com/10031053308648.html,2026-05-27 15:03:48
10031053308649,https://item.jd.com/10031053308649.html,2026-05-27 15:04:54
10031053308650,https://item.jd.com/10031053308650.html,2026-05-27 15:06:12
10031053308651,https://item.jd.com/10031053308651.html,2026-05-27 15:06:19
10031053308652,https://item.jd.com/10031053308652.html,2026-05-27 15:06:30
10126262383141,https://item.jd.com/10126262383141.html,2026-05-27 15:07:07
10168325258495,https://item.jd.com/10168325258495.html,2026-05-27 15:07:19
10219815911448,https://item.jd.com/10219815911448.html,2026-05-27 15:08:31
10219264089959,https://item.jd.com/10219264089959.html,2026-05-27 15:08:49
10216566138314,https://item.jd.com/10216566138314.html,2026-05-27 15:08:57
10216566138315,https://item.jd.com/10216566138315.html,2026-05-27 15:23:17
10216568078890,https://item.jd.com/10216568078890.html,2026-05-27 15:23:23
10163827773217,https://item.jd.com/10163827773217.html,2026-05-27 15:23:49
10163827773204,https://item.jd.com/10163827773204.html,2026-05-27 22:49:30
10163827773206,https://item.jd.com/10163827773206.html,2026-05-27 22:50:38
10163827773207,https://item.jd.com/10163827773207.html,2026-05-27 22:51:21
10163827773211,https://item.jd.com/10163827773211.html,2026-05-27 22:51:28
10163827773213,https://item.jd.com/10163827773213.html,2026-05-27 22:51:33
10163827773221,https://item.jd.com/10163827773221.html,2026-05-27 22:52:00
10163827773225,https://item.jd.com/10163827773225.html,2026-05-27 22:52:24
10163827773227,https://item.jd.com/10163827773227.html,2026-05-27 22:52:30
10163827773231,https://item.jd.com/10163827773231.html,2026-05-27 22:52:35
10163827773233,https://item.jd.com/10163827773233.html,2026-05-27 22:52:41
10163827773235,https://item.jd.com/10163827773235.html,2026-05-27 23:55:50
10163956444739,https://item.jd.com/10163956444739.html,2026-05-27 23:57:13
10163956444750,https://item.jd.com/10163956444750.html,2026-05-27 23:58:44
10163956444751,https://item.jd.com/10163956444751.html,2026-05-28 00:00:07
10130156052116,https://item.jd.com/10130156052116.html,2026-05-28 00:01:12
10093361399670,https://item.jd.com/10093361399670.html,2026-05-28 00:02:33
10163827773239,https://item.jd.com/10163827773239.html,2026-05-28 00:04:09
100255936897,https://item.jd.com/100255936897.html,2026-05-28 00:05:12
100301055656,https://item.jd.com/100301055656.html,2026-05-28 00:06:49
10205300359254,https://item.jd.com/10205300359254.html,2026-05-28 00:08:05
10205300359256,https://item.jd.com/10205300359256.html,2026-05-28 00:21:19
10205300359260,https://item.jd.com/10205300359260.html,2026-05-28 00:21:46
10131900403652,https://item.jd.com/10131900403652.html,2026-05-28 00:21:59
10135133935146,https://item.jd.com/10135133935146.html,2026-05-28 00:22:57
10135133935151,https://item.jd.com/10135133935151.html,2026-05-28 00:23:03
10135133935156,https://item.jd.com/10135133935156.html,2026-05-28 00:23:29
10108646548132,https://item.jd.com/10108646548132.html,2026-05-28 00:23:40
10108646548134,https://item.jd.com/10108646548134.html,2026-05-28 00:24:51
10108646548135,https://item.jd.com/10108646548135.html,2026-05-28 00:26:02
10108646548136,https://item.jd.com/10108646548136.html,2026-05-28 00:41:03
10108646548137,https://item.jd.com/10108646548137.html,2026-05-28 00:41:58
10108646548138,https://item.jd.com/10108646548138.html,2026-05-28 00:42:52
10108646548139,https://item.jd.com/10108646548139.html,2026-05-28 00:43:46
10108646548140,https://item.jd.com/10108646548140.html,2026-05-28 00:44:37
10108646548141,https://item.jd.com/10108646548141.html,2026-05-28 00:45:35
10108646548142,https://item.jd.com/10108646548142.html,2026-05-28 00:46:42
10108646548143,https://item.jd.com/10108646548143.html,2026-05-28 00:47:51
10108646548144,https://item.jd.com/10108646548144.html,2026-05-28 00:48:45
10108646548145,https://item.jd.com/10108646548145.html,2026-05-28 00:49:48
10108646548146,https://item.jd.com/10108646548146.html,2026-05-28 01:04:22
10108646548148,https://item.jd.com/10108646548148.html,2026-05-28 01:05:14
10108646548149,https://item.jd.com/10108646548149.html,2026-05-28 01:06:04
10108646548150,https://item.jd.com/10108646548150.html,2026-05-28 01:06:54
10108646548151,https://item.jd.com/10108646548151.html,2026-05-28 01:07:51
10094216259161,https://item.jd.com/10094216259161.html,2026-05-28 01:08:43
100133287677,https://item.jd.com/100133287677.html,2026-05-28 01:09:39
100163618756,https://item.jd.com/100163618756.html,2026-05-28 01:09:50
100164681432,https://item.jd.com/100164681432.html,2026-05-28 01:10:36
10108646548131,https://item.jd.com/10108646548131.html,2026-05-28 01:10:46
100164681400,https://item.jd.com/100164681400.html,2026-05-28 01:23:42
100171188791,https://item.jd.com/100171188791.html,2026-05-28 01:23:50
10108646548133,https://item.jd.com/10108646548133.html,2026-05-28 01:24:48
10169542771652,https://item.jd.com/10169542771652.html,2026-05-28 01:25:44
100296047560,https://item.jd.com/100296047560.html,2026-05-28 01:25:54
10209662258868,https://item.jd.com/10209662258868.html,2026-05-28 01:27:20
10200849602566,https://item.jd.com/10200849602566.html,2026-05-28 01:27:29
10110841616766,https://item.jd.com/10110841616766.html,2026-05-28 01:28:37
10165145443167,https://item.jd.com/10165145443167.html,2026-05-28 01:29:54
10165145443163,https://item.jd.com/10165145443163.html,2026-05-28 23:52:22
10165145443166,https://item.jd.com/10165145443166.html,2026-05-28 23:52:29
10165145443161,https://item.jd.com/10165145443161.html,2026-05-28 23:52:35
10165145443162,https://item.jd.com/10165145443162.html,2026-05-28 23:52:40
10165145443165,https://item.jd.com/10165145443165.html,2026-05-28 23:52:46
10165145443169,https://item.jd.com/10165145443169.html,2026-05-28 23:52:50
10162870254978,https://item.jd.com/10162870254978.html,2026-05-28 23:52:55
10162870254990,https://item.jd.com/10162870254990.html,2026-05-28 23:53:02
10162870254986,https://item.jd.com/10162870254986.html,2026-05-28 23:53:08
10162870254979,https://item.jd.com/10162870254979.html,2026-05-29 00:17:10
10162144080488,https://item.jd.com/10162144080488.html,2026-05-29 00:17:37
10162144080484,https://item.jd.com/10162144080484.html,2026-05-29 00:18:00
10162144080486,https://item.jd.com/10162144080486.html,2026-05-29 00:18:07
10162144080485,https://item.jd.com/10162144080485.html,2026-05-29 00:33:20
10162144080487,https://item.jd.com/10162144080487.html,2026-05-29 00:33:25
10162144080474,https://item.jd.com/10162144080474.html,2026-05-29 00:33:30
10162144080469,https://item.jd.com/10162144080469.html,2026-05-29 00:33:36
10162144080458,https://item.jd.com/10162144080458.html,2026-05-29 00:33:41
10162144080489,https://item.jd.com/10162144080489.html,2026-05-29 00:34:07
10130586948808,https://item.jd.com/10130586948808.html,2026-05-29 00:34:32
10130586948806,https://item.jd.com/10130586948806.html,2026-05-29 00:34:37
10130586948807,https://item.jd.com/10130586948807.html,2026-05-29 00:35:02
10130586948809,https://item.jd.com/10130586948809.html,2026-05-29 00:35:26
10130586948810,https://item.jd.com/10130586948810.html,2026-05-29 00:47:41
10130586995611,https://item.jd.com/10130586995611.html,2026-05-29 00:47:47
10130586995612,https://item.jd.com/10130586995612.html,2026-05-29 00:47:53
10130586995613,https://item.jd.com/10130586995613.html,2026-05-29 00:47:59
10098862698114,https://item.jd.com/10098862698114.html,2026-05-29 00:48:11
10098862698115,https://item.jd.com/10098862698115.html,2026-05-29 00:49:36
10079824641933,https://item.jd.com/10079824641933.html,2026-05-29 00:49:41
10079824641946,https://item.jd.com/10079824641946.html,2026-05-29 00:49:48
10066788512851,https://item.jd.com/10066788512851.html,2026-05-29 00:49:55
10043448142105,https://item.jd.com/10043448142105.html,2026-05-29 00:50:00
10165145443168,https://item.jd.com/10165145443168.html,2026-05-29 01:04:33
10162870254985,https://item.jd.com/10162870254985.html,2026-05-29 01:04:38
10218668659624,https://item.jd.com/10218668659624.html,2026-05-29 01:04:43
10218668659622,https://item.jd.com/10218668659622.html,2026-05-29 01:04:50
10098862698111,https://item.jd.com/10098862698111.html,2026-05-29 01:04:59
10098862698113,https://item.jd.com/10098862698113.html,2026-05-29 01:05:43
10098862698112,https://item.jd.com/10098862698112.html,2026-05-29 01:06:25
10160157529734,https://item.jd.com/10160157529734.html,2026-05-29 01:07:22
10218668659625,https://item.jd.com/10218668659625.html,2026-05-29 01:08:44
10218668659623,https://item.jd.com/10218668659623.html,2026-05-29 01:09:10
10162870254984,https://item.jd.com/10162870254984.html,2026-05-29 07:01:56
10162870254983,https://item.jd.com/10162870254983.html,2026-05-29 07:02:02
10162870254987,https://item.jd.com/10162870254987.html,2026-05-29 07:02:08
10162870254982,https://item.jd.com/10162870254982.html,2026-05-29 07:02:14
10162870254980,https://item.jd.com/10162870254980.html,2026-05-29 07:02:20
10162870254981,https://item.jd.com/10162870254981.html,2026-05-29 07:02:26
10205300359258,https://item.jd.com/10205300359258.html,2026-06-02 23:45:42
10101169689643,https://item.jd.com/10101169689643.html,2026-06-02 23:46:34
10101169689642,https://item.jd.com/10101169689642.html,2026-06-02 23:47:36
10101169689641,https://item.jd.com/10101169689641.html,2026-06-02 23:49:31
10101169689640,https://item.jd.com/10101169689640.html,2026-06-02 23:50:59
100313923166,https://item.jd.com/100313923166.html,2026-06-02 23:51:51
10162144080460,https://item.jd.com/10162144080460.html,2026-06-02 23:53:00
10190459530240,https://item.jd.com/10190459530240.html,2026-06-02 23:53:49
10203932612279,https://item.jd.com/10203932612279.html,2026-06-02 23:54:36
10203932612277,https://item.jd.com/10203932612277.html,2026-06-02 23:55:21
10203932612283,https://item.jd.com/10203932612283.html,2026-06-02 23:56:05
10203932612274,https://item.jd.com/10203932612274.html,2026-06-02 23:57:03
10166176342138,https://item.jd.com/10166176342138.html,2026-06-02 23:58:10
10166176342134,https://item.jd.com/10166176342134.html,2026-06-02 23:59:09
10166176342135,https://item.jd.com/10166176342135.html,2026-06-03 00:13:21
10203932612294,https://item.jd.com/10203932612294.html,2026-06-03 00:14:37
10166176342116,https://item.jd.com/10166176342116.html,2026-06-03 00:15:48
10166176342130,https://item.jd.com/10166176342130.html,2026-06-03 00:16:49
10166176342146,https://item.jd.com/10166176342146.html,2026-06-03 00:17:45
10166176342121,https://item.jd.com/10166176342121.html,2026-06-03 00:18:52
10203932612293,https://item.jd.com/10203932612293.html,2026-06-03 00:19:58
10166176342126,https://item.jd.com/10166176342126.html,2026-06-03 00:20:53
10203932612295,https://item.jd.com/10203932612295.html,2026-06-03 00:22:06
10203932612281,https://item.jd.com/10203932612281.html,2026-06-03 00:23:06
10166176342118,https://item.jd.com/10166176342118.html,2026-06-03 00:30:44
10203932612280,https://item.jd.com/10203932612280.html,2026-06-03 00:31:54
10166176342139,https://item.jd.com/10166176342139.html,2026-06-03 00:33:04
10203932612296,https://item.jd.com/10203932612296.html,2026-06-03 00:34:00
10166176342144,https://item.jd.com/10166176342144.html,2026-06-03 00:34:53
10203932612291,https://item.jd.com/10203932612291.html,2026-06-03 00:35:48
10203932612290,https://item.jd.com/10203932612290.html,2026-06-03 00:36:43
10203932612284,https://item.jd.com/10203932612284.html,2026-06-03 00:38:07
10166176342145,https://item.jd.com/10166176342145.html,2026-06-03 00:39:01
10203932612275,https://item.jd.com/10203932612275.html,2026-06-03 00:39:52
10203932612292,https://item.jd.com/10203932612292.html,2026-06-03 22:34:17
10203932612285,https://item.jd.com/10203932612285.html,2026-06-03 22:35:21
10219605402794,https://item.jd.com/10219605402794.html,2026-06-03 22:36:32
10194488950357,https://item.jd.com/10194488950357.html,2026-06-03 22:37:35
10192225016506,https://item.jd.com/10192225016506.html,2026-06-03 22:38:44
10192225016502,https://item.jd.com/10192225016502.html,2026-06-03 22:39:51
10192225016504,https://item.jd.com/10192225016504.html,2026-06-03 22:40:47
10192225016507,https://item.jd.com/10192225016507.html,2026-06-03 22:42:08
10169633144673,https://item.jd.com/10169633144673.html,2026-06-03 22:43:26
10169633144666,https://item.jd.com/10169633144666.html,2026-06-03 23:12:04
10169633144654,https://item.jd.com/10169633144654.html,2026-06-03 23:12:57
10162144080470,https://item.jd.com/10162144080470.html,2026-06-03 23:14:03
10162144080482,https://item.jd.com/10162144080482.html,2026-06-03 23:15:02
10162144080462,https://item.jd.com/10162144080462.html,2026-06-03 23:16:24
10162144080472,https://item.jd.com/10162144080472.html,2026-06-03 23:17:42
10162144080479,https://item.jd.com/10162144080479.html,2026-06-03 23:19:04
10162144080459,https://item.jd.com/10162144080459.html,2026-06-03 23:20:23
10162144080461,https://item.jd.com/10162144080461.html,2026-06-03 23:21:29
10162144080468,https://item.jd.com/10162144080468.html,2026-06-03 23:22:27
10162144080480,https://item.jd.com/10162144080480.html,2026-06-03 23:49:26
10162144080473,https://item.jd.com/10162144080473.html,2026-06-03 23:50:37
10162144080477,https://item.jd.com/10162144080477.html,2026-06-03 23:51:49
10162144080476,https://item.jd.com/10162144080476.html,2026-06-03 23:52:48
10165145443164,https://item.jd.com/10165145443164.html,2026-06-03 23:53:49
100315631300,https://item.jd.com/100315631300.html,2026-06-03 23:55:02
10162144080483,https://item.jd.com/10162144080483.html,2026-06-03 23:56:02
10162144080464,https://item.jd.com/10162144080464.html,2026-06-03 23:57:13
10162144080475,https://item.jd.com/10162144080475.html,2026-06-03 23:58:13
10164944137521,https://item.jd.com/10164944137521.html,2026-06-03 23:59:18
10157332477457,https://item.jd.com/10157332477457.html,2026-06-04 00:12:06
10164944137522,https://item.jd.com/10164944137522.html,2026-06-04 00:12:51
10164944137519,https://item.jd.com/10164944137519.html,2026-06-04 00:13:55
10215517952154,https://item.jd.com/10215517952154.html,2026-06-04 00:31:49
10216867576507,https://item.jd.com/10216867576507.html,2026-06-04 00:32:37
10164372607560,https://item.jd.com/10164372607560.html,2026-06-04 00:33:36
10102259834906,https://item.jd.com/10102259834906.html,2026-06-04 00:34:46
10033075277213,https://item.jd.com/10033075277213.html,2026-06-04 00:36:00
10033075277215,https://item.jd.com/10033075277215.html,2026-06-04 00:37:11
10033075277217,https://item.jd.com/10033075277217.html,2026-06-04 00:38:19
10076978788758,https://item.jd.com/10076978788758.html,2026-06-04 00:39:32
10132197089545,https://item.jd.com/10132197089545.html,2026-06-04 00:40:36
10132197089546,https://item.jd.com/10132197089546.html,2026-06-04 00:41:24
10132197089544,https://item.jd.com/10132197089544.html,2026-06-04 00:44:39
10163949493076,https://item.jd.com/10163949493076.html,2026-06-04 00:45:43
10065727422161,https://item.jd.com/10065727422161.html,2026-06-04 00:46:45
10213711311557,https://item.jd.com/10213711311557.html,2026-06-04 00:47:35
10213711311556,https://item.jd.com/10213711311556.html,2026-06-04 00:48:45
10213711311558,https://item.jd.com/10213711311558.html,2026-06-04 00:49:52
10213711311555,https://item.jd.com/10213711311555.html,2026-06-04 00:51:05
10213711311559,https://item.jd.com/10213711311559.html,2026-06-04 00:51:59
10033075271709,https://item.jd.com/10033075271709.html,2026-06-04 00:53:07
10163949493078,https://item.jd.com/10163949493078.html,2026-06-04 00:54:10
10163357333968,https://item.jd.com/10163357333968.html,2026-06-04 01:11:48
10211948540996,https://item.jd.com/10211948540996.html,2026-06-04 01:12:36
10022825878772,https://item.jd.com/10022825878772.html,2026-06-04 01:13:27
10103815359230,https://item.jd.com/10103815359230.html,2026-06-04 01:14:25
10103815359234,https://item.jd.com/10103815359234.html,2026-06-04 01:15:26
10103815359231,https://item.jd.com/10103815359231.html,2026-06-04 01:16:25
10076978825868,https://item.jd.com/10076978825868.html,2026-06-04 01:17:16
10076978825871,https://item.jd.com/10076978825871.html,2026-06-04 01:18:20
10076978825866,https://item.jd.com/10076978825866.html,2026-06-04 01:19:18
10076978825872,https://item.jd.com/10076978825872.html,2026-06-04 01:20:20
10076978825867,https://item.jd.com/10076978825867.html,2026-06-04 01:23:20
10076978825869,https://item.jd.com/10076978825869.html,2026-06-04 01:24:12
10076978825870,https://item.jd.com/10076978825870.html,2026-06-04 01:25:04
10076978825877,https://item.jd.com/10076978825877.html,2026-06-04 01:26:05
10135344112782,https://item.jd.com/10135344112782.html,2026-06-04 01:27:08
10162152594484,https://item.jd.com/10162152594484.html,2026-06-04 01:27:56
10131351339887,https://item.jd.com/10131351339887.html,2026-06-04 01:29:00
10131351339888,https://item.jd.com/10131351339888.html,2026-06-04 01:29:58
10076978825873,https://item.jd.com/10076978825873.html,2026-06-04 01:31:18
10076978825875,https://item.jd.com/10076978825875.html,2026-06-04 01:32:37
10076978825874,https://item.jd.com/10076978825874.html,2026-06-04 01:35:38
10076978825876,https://item.jd.com/10076978825876.html,2026-06-04 01:36:47
10210847287144,https://item.jd.com/10210847287144.html,2026-06-04 01:37:57
10210847287140,https://item.jd.com/10210847287140.html,2026-06-04 07:01:00
10210847287133,https://item.jd.com/10210847287133.html,2026-06-04 07:01:42
10210847287135,https://item.jd.com/10210847287135.html,2026-06-04 07:02:31
10210847287148,https://item.jd.com/10210847287148.html,2026-06-04 07:03:16
10210066548026,https://item.jd.com/10210066548026.html,2026-06-04 07:03:58
10169958384778,https://item.jd.com/10169958384778.html,2026-06-04 07:04:37
10169958384775,https://item.jd.com/10169958384775.html,2026-06-04 07:05:22
10169958384774,https://item.jd.com/10169958384774.html,2026-06-04 07:06:04
10169958384776,https://item.jd.com/10169958384776.html,2026-06-04 07:06:55
10163461772721,https://item.jd.com/10163461772721.html,2026-06-04 07:07:47
10162877218820,https://item.jd.com/10162877218820.html,2026-06-04 07:09:20
10162877218821,https://item.jd.com/10162877218821.html,2026-06-04 07:10:09
10162877218823,https://item.jd.com/10162877218823.html,2026-06-04 07:11:00
10162877218824,https://item.jd.com/10162877218824.html,2026-06-04 07:11:47
10162877218827,https://item.jd.com/10162877218827.html,2026-06-04 07:12:36
10159436896110,https://item.jd.com/10159436896110.html,2026-06-04 07:13:27
10159436896112,https://item.jd.com/10159436896112.html,2026-06-04 07:14:19
10155242311041,https://item.jd.com/10155242311041.html,2026-06-04 07:15:05
10130334155836,https://item.jd.com/10130334155836.html,2026-06-04 07:15:54
10130447963129,https://item.jd.com/10130447963129.html,2026-06-04 07:16:33
10159436896107,https://item.jd.com/10159436896107.html,2026-06-04 08:28:24
10159436896111,https://item.jd.com/10159436896111.html,2026-06-04 08:29:23
10162877218825,https://item.jd.com/10162877218825.html,2026-06-04 08:30:09
10169958384777,https://item.jd.com/10169958384777.html,2026-06-04 08:31:01
10148742884742,https://item.jd.com/10148742884742.html,2026-06-04 08:31:48
10163461772722,https://item.jd.com/10163461772722.html,2026-06-04 08:32:49
100265397347,https://item.jd.com/100265397347.html,2026-06-04 08:33:40
10147249938305,https://item.jd.com/10147249938305.html,2026-06-04 08:34:34
10155242311042,https://item.jd.com/10155242311042.html,2026-06-04 08:35:35
10159436896108,https://item.jd.com/10159436896108.html,2026-06-04 08:36:22
10147079480055,https://item.jd.com/10147079480055.html,2026-06-04 08:37:46
10141796946337,https://item.jd.com/10141796946337.html,2026-06-04 08:38:39
10172243592542,https://item.jd.com/10172243592542.html,2026-06-04 08:39:35
10130818345433,https://item.jd.com/10130818345433.html,2026-06-04 08:40:24
10130818345434,https://item.jd.com/10130818345434.html,2026-06-04 08:41:12
10130818345435,https://item.jd.com/10130818345435.html,2026-06-04 08:42:12
10130818345436,https://item.jd.com/10130818345436.html,2026-06-04 08:43:14
10130818345437,https://item.jd.com/10130818345437.html,2026-06-04 08:44:11
10129284738142,https://item.jd.com/10129284738142.html,2026-06-04 08:45:09
10129284738146,https://item.jd.com/10129284738146.html,2026-06-04 08:45:56
10094392717157,https://item.jd.com/10094392717157.html,2026-06-04 08:47:19
10080044293631,https://item.jd.com/10080044293631.html,2026-06-04 08:48:04
10080044293633,https://item.jd.com/10080044293633.html,2026-06-04 14:43:53
10080044293634,https://item.jd.com/10080044293634.html,2026-06-04 14:44:47
10080044293635,https://item.jd.com/10080044293635.html,2026-06-04 14:45:46
10080044293636,https://item.jd.com/10080044293636.html,2026-06-04 14:46:48
10080044293637,https://item.jd.com/10080044293637.html,2026-06-04 14:47:44
10080044293638,https://item.jd.com/10080044293638.html,2026-06-04 14:48:37
10080044293639,https://item.jd.com/10080044293639.html,2026-06-04 14:49:26
10080044293640,https://item.jd.com/10080044293640.html,2026-06-04 14:50:13
10066745818233,https://item.jd.com/10066745818233.html,2026-06-04 14:50:56
10080044293632,https://item.jd.com/10080044293632.html,2026-06-04 15:22:26
10163361767410,https://item.jd.com/10163361767410.html,2026-06-04 15:22:58
10163361767418,https://item.jd.com/10163361767418.html,2026-06-04 15:23:28
10163361767402,https://item.jd.com/10163361767402.html,2026-06-04 15:24:04
10163361767404,https://item.jd.com/10163361767404.html,2026-06-04 15:24:33
10163361767406,https://item.jd.com/10163361767406.html,2026-06-04 15:25:04
10163361767403,https://item.jd.com/10163361767403.html,2026-06-04 15:25:40
10117399452550,https://item.jd.com/10117399452550.html,2026-06-04 15:26:18
10117399452549,https://item.jd.com/10117399452549.html,2026-06-04 15:26:59
100344225106,https://item.jd.com/100344225106.html,2026-06-04 15:27:31
10216885730854,https://item.jd.com/10216885730854.html,2026-06-04 15:28:21
10216885730853,https://item.jd.com/10216885730853.html,2026-06-04 16:09:34
10163361767419,https://item.jd.com/10163361767419.html,2026-06-04 16:10:11
10210354841591,https://item.jd.com/10210354841591.html,2026-06-04 16:10:42
10208584481959,https://item.jd.com/10208584481959.html,2026-06-04 16:11:19
10208584481960,https://item.jd.com/10208584481960.html,2026-06-04 16:11:55
10208584481961,https://item.jd.com/10208584481961.html,2026-06-04 16:12:30
10208584481962,https://item.jd.com/10208584481962.html,2026-06-04 16:13:06
10208584481963,https://item.jd.com/10208584481963.html,2026-06-04 16:13:38
10208584481964,https://item.jd.com/10208584481964.html,2026-06-04 16:14:15
10208584481965,https://item.jd.com/10208584481965.html,2026-06-04 16:14:45
10208584481966,https://item.jd.com/10208584481966.html,2026-06-04 16:15:31
10208584481967,https://item.jd.com/10208584481967.html,2026-06-04 16:15:58
10179588070365,https://item.jd.com/10179588070365.html,2026-06-04 16:16:42
10163359693461,https://item.jd.com/10163359693461.html,2026-06-04 16:17:19
10158985270490,https://item.jd.com/10158985270490.html,2026-06-04 16:17:46
10158985270492,https://item.jd.com/10158985270492.html,2026-06-04 16:18:14
10158985270478,https://item.jd.com/10158985270478.html,2026-06-04 16:18:45
10158985270458,https://item.jd.com/10158985270458.html,2026-06-04 16:19:17
10158985270461,https://item.jd.com/10158985270461.html,2026-06-04 16:19:46
10158985270463,https://item.jd.com/10158985270463.html,2026-06-04 16:20:17
10158985270466,https://item.jd.com/10158985270466.html,2026-06-04 16:21:29
10158985270469,https://item.jd.com/10158985270469.html,2026-06-04 16:22:01
10158985270470,https://item.jd.com/10158985270470.html,2026-06-04 16:22:53
10158985270472,https://item.jd.com/10158985270472.html,2026-06-04 16:23:29
10158985270474,https://item.jd.com/10158985270474.html,2026-06-04 16:24:07
10158985270476,https://item.jd.com/10158985270476.html,2026-06-04 16:24:37
10158985270480,https://item.jd.com/10158985270480.html,2026-06-04 16:25:07
10158985270481,https://item.jd.com/10158985270481.html,2026-06-04 16:25:36
10158985270482,https://item.jd.com/10158985270482.html,2026-06-04 16:26:11
10158985270484,https://item.jd.com/10158985270484.html,2026-06-04 16:26:45
10158985270486,https://item.jd.com/10158985270486.html,2026-06-04 16:27:30
10158985270488,https://item.jd.com/10158985270488.html,2026-06-04 16:27:59
10138537038627,https://item.jd.com/10138537038627.html,2026-06-04 16:28:29
10077285633357,https://item.jd.com/10077285633357.html,2026-06-04 16:29:11
10213453524673,https://item.jd.com/10213453524673.html,2026-06-04 16:29:47
10138537038629,https://item.jd.com/10138537038629.html,2026-06-04 16:30:15
10155297597802,https://item.jd.com/10155297597802.html,2026-06-04 16:30:46
10100156955263,https://item.jd.com/10100156955263.html,2026-06-04 16:31:23
10100156955262,https://item.jd.com/10100156955262.html,2026-06-04 16:32:06
10204842774145,https://item.jd.com/10204842774145.html,2026-06-04 16:32:43
10204842774142,https://item.jd.com/10204842774142.html,2026-06-04 16:33:31
10204842774143,https://item.jd.com/10204842774143.html,2026-06-04 16:34:07
10204842774144,https://item.jd.com/10204842774144.html,2026-06-04 16:34:37
10173152354479,https://item.jd.com/10173152354479.html,2026-06-04 16:35:06
10150197134394,https://item.jd.com/10150197134394.html,2026-06-04 16:35:52
10207563847542,https://item.jd.com/10207563847542.html,2026-06-04 16:36:20
10207563847540,https://item.jd.com/10207563847540.html,2026-06-04 16:36:48
10169076009307,https://item.jd.com/10169076009307.html,2026-06-04 16:37:20
10169076009308,https://item.jd.com/10169076009308.html,2026-06-04 23:33:25
10169076009309,https://item.jd.com/10169076009309.html,2026-06-04 23:33:57
10169076009310,https://item.jd.com/10169076009310.html,2026-06-04 23:34:26
10169076009311,https://item.jd.com/10169076009311.html,2026-06-04 23:34:57
10169076009313,https://item.jd.com/10169076009313.html,2026-06-04 23:35:33
10169076009314,https://item.jd.com/10169076009314.html,2026-06-04 23:36:07
10169076009315,https://item.jd.com/10169076009315.html,2026-06-04 23:36:40
10169076009317,https://item.jd.com/10169076009317.html,2026-06-04 23:37:10
10169076009321,https://item.jd.com/10169076009321.html,2026-06-04 23:37:44
10169076009322,https://item.jd.com/10169076009322.html,2026-06-04 23:38:16
10152166909016,https://item.jd.com/10152166909016.html,2026-06-04 23:39:03
10129778074523,https://item.jd.com/10129778074523.html,2026-06-04 23:39:36
10106061231884,https://item.jd.com/10106061231884.html,2026-06-04 23:40:10
10106061231889,https://item.jd.com/10106061231889.html,2026-06-04 23:40:54
10106061231895,https://item.jd.com/10106061231895.html,2026-06-04 23:41:25
10106061231896,https://item.jd.com/10106061231896.html,2026-06-04 23:41:53
10106061231899,https://item.jd.com/10106061231899.html,2026-06-04 23:42:26
10106061231900,https://item.jd.com/10106061231900.html,2026-06-04 23:42:57
10106061231904,https://item.jd.com/10106061231904.html,2026-06-04 23:43:30
10106061231908,https://item.jd.com/10106061231908.html,2026-06-04 23:44:04
10106061281019,https://item.jd.com/10106061281019.html,2026-06-04 23:45:16
10100508954926,https://item.jd.com/10100508954926.html,2026-06-04 23:46:02
10106061231880,https://item.jd.com/10106061231880.html,2026-06-04 23:46:45
10207563847543,https://item.jd.com/10207563847543.html,2026-06-04 23:47:27
10207563847541,https://item.jd.com/10207563847541.html,2026-06-04 23:48:04
10169076009302,https://item.jd.com/10169076009302.html,2026-06-04 23:48:40
10169076009301,https://item.jd.com/10169076009301.html,2026-06-04 23:49:08
10169076009306,https://item.jd.com/10169076009306.html,2026-06-04 23:49:37
10169076009316,https://item.jd.com/10169076009316.html,2026-06-04 23:50:11
10169076009319,https://item.jd.com/10169076009319.html,2026-06-04 23:50:39
10169076009312,https://item.jd.com/10169076009312.html,2026-06-04 23:51:43
10169076009320,https://item.jd.com/10169076009320.html,2026-06-04 23:52:15
10208564493627,https://item.jd.com/10208564493627.html,2026-06-04 23:52:43
10208564493630,https://item.jd.com/10208564493630.html,2026-06-04 23:53:13
10208564493633,https://item.jd.com/10208564493633.html,2026-06-04 23:53:50
10208564493621,https://item.jd.com/10208564493621.html,2026-06-04 23:54:23
10208564493626,https://item.jd.com/10208564493626.html,2026-06-04 23:54:58
10208564493624,https://item.jd.com/10208564493624.html,2026-06-04 23:55:28
10208564493622,https://item.jd.com/10208564493622.html,2026-06-04 23:56:01
10208564493629,https://item.jd.com/10208564493629.html,2026-06-04 23:56:33
10208564493623,https://item.jd.com/10208564493623.html,2026-06-04 23:57:42
10217003397158,https://item.jd.com/10217003397158.html,2026-06-04 23:58:10
10218038679044,https://item.jd.com/10218038679044.html,2026-06-05 00:16:06
10218038679046,https://item.jd.com/10218038679046.html,2026-06-05 00:21:03
10218038679048,https://item.jd.com/10218038679048.html,2026-06-05 00:21:42
10210023007677,https://item.jd.com/10210023007677.html,2026-06-05 00:22:17
10205004643233,https://item.jd.com/10205004643233.html,2026-06-05 00:23:36
10190915509565,https://item.jd.com/10190915509565.html,2026-06-05 00:24:11
10190915509566,https://item.jd.com/10190915509566.html,2026-06-05 00:24:48
10190915509580,https://item.jd.com/10190915509580.html,2026-06-05 00:25:23
10190915509601,https://item.jd.com/10190915509601.html,2026-06-05 00:25:52
10190915509605,https://item.jd.com/10190915509605.html,2026-06-05 00:26:23
10190915509612,https://item.jd.com/10190915509612.html,2026-06-05 00:27:09
10197127026364,https://item.jd.com/10197127026364.html,2026-06-05 00:27:40
10197127026375,https://item.jd.com/10197127026375.html,2026-06-05 00:28:16
10179968032739,https://item.jd.com/10179968032739.html,2026-06-05 00:28:49
10179968032745,https://item.jd.com/10179968032745.html,2026-06-05 00:29:16
10179968032744,https://item.jd.com/10179968032744.html,2026-06-05 00:29:54
10165773043803,https://item.jd.com/10165773043803.html,2026-06-05 00:30:29
10165773043820,https://item.jd.com/10165773043820.html,2026-06-05 00:30:58
10165773043821,https://item.jd.com/10165773043821.html,2026-06-05 00:31:28
10165773043822,https://item.jd.com/10165773043822.html,2026-06-05 00:31:55
10165773043823,https://item.jd.com/10165773043823.html,2026-06-05 00:33:00
10159456275219,https://item.jd.com/10159456275219.html,2026-06-05 00:33:30
10161109248889,https://item.jd.com/10161109248889.html,2026-06-05 00:34:05
10161109248892,https://item.jd.com/10161109248892.html,2026-06-05 00:34:41
10152166318473,https://item.jd.com/10152166318473.html,2026-06-05 00:35:13
10152166318471,https://item.jd.com/10152166318471.html,2026-06-05 00:35:41
10152166318477,https://item.jd.com/10152166318477.html,2026-06-05 00:36:10
10129833087291,https://item.jd.com/10129833087291.html,2026-06-05 00:36:44
10129924144780,https://item.jd.com/10129924144780.html,2026-06-05 00:37:18
10120368904624,https://item.jd.com/10120368904624.html,2026-06-05 00:37:47
10120368904625,https://item.jd.com/10120368904625.html,2026-06-05 00:38:42
10075647213535,https://item.jd.com/10075647213535.html,2026-06-05 00:39:24
10210088379739,https://item.jd.com/10210088379739.html,2026-06-05 00:39:54
10214648820642,https://item.jd.com/10214648820642.html,2026-06-05 00:40:23
10179968032747,https://item.jd.com/10179968032747.html,2026-06-05 00:41:00
10179968032743,https://item.jd.com/10179968032743.html,2026-06-05 00:41:30
10179968032740,https://item.jd.com/10179968032740.html,2026-06-05 00:42:02
10179968032738,https://item.jd.com/10179968032738.html,2026-06-05 00:42:37
10179968032749,https://item.jd.com/10179968032749.html,2026-06-05 00:43:15
10179968032750,https://item.jd.com/10179968032750.html,2026-06-05 00:44:05
10179968032748,https://item.jd.com/10179968032748.html,2026-06-05 00:45:17
10179968032741,https://item.jd.com/10179968032741.html,2026-06-05 00:45:48
